CREATE TABLE infection_numbers_influenza (
    country varchar(16) NOT NULL,
    prefecture varchar(4) NOT NULL,
    city varchar(3) NOT NULL,
    n_infection varchar(205),
    city_code varchar(5) NOT NULL,
    remarks varchar(200)
)
PARTITION BY LIST (city_code);
CREATE TABLE infection_numbers_influenza_20_01 PARTITION OF infection_numbers_influenza FOR VALUES IN ('20-01');
CREATE TABLE infection_numbers_influenza_20_02 PARTITION OF infection_numbers_influenza FOR VALUES IN ('20-02');
CREATE TABLE infection_numbers_influenza_20_03 PARTITION OF infection_numbers_influenza FOR VALUES IN ('20-03');
CREATE TABLE infection_numbers_influenza_20_04 PARTITION OF infection_numbers_influenza FOR VALUES IN ('20-04');
CREATE TABLE infection_numbers_influenza_21_01 PARTITION OF infection_numbers_influenza FOR VALUES IN ('21-01');
CREATE TABLE infection_numbers_influenza_21_02 PARTITION OF infection_numbers_influenza FOR VALUES IN ('21-02');
CREATE TABLE infection_numbers_influenza_21_03 PARTITION OF infection_numbers_influenza FOR VALUES IN ('21-03');
CREATE TABLE infection_numbers_influenza_21_04 PARTITION OF infection_numbers_influenza FOR VALUES IN ('21-04');
CREATE TABLE infection_numbers_influenza_22_01 PARTITION OF infection_numbers_influenza FOR VALUES IN ('22-01');
CREATE TABLE infection_numbers_influenza_22_02 PARTITION OF infection_numbers_influenza FOR VALUES IN ('22-02');
CREATE TABLE infection_numbers_influenza_22_03 PARTITION OF infection_numbers_influenza FOR VALUES IN ('22-03');
CREATE TABLE infection_numbers_influenza_22_04 PARTITION OF infection_numbers_influenza FOR VALUES IN ('22-04');
INSERT INTO infection_numbers_influenza_20_04 VALUES ('Japan','Mie','Ise','134','20-04','age: 30, gender:male, overseas travel history: true');
INSERT INTO infection_numbers_influenza_21_04 VALUES ('Germany','BER','BER','221','21-04','age: 50, gender:male, overseas travel history: false');
INSERT INTO infection_numbers_influenza_22_04 VALUES ('U.S.A','NY','NY','10221','22-04','age: 10, gender:male, overseas travel history: false');
CREATE INDEX remarks_index ON infection_numbers_influenza USING pgroonga (remarks);
\pset format unaligned
EXPLAIN (COSTS OFF)
SELECT t1.n_infection, t1.remarks
  FROM infection_numbers_influenza t1
  INNER JOIN infection_numbers_influenza t2
    ON t1.city = t2.prefecture
 WHERE t1.remarks  &@~ 'age'
\g |sed -r -e "s/ t[1,2](_[0-9]{1,2}){0,1}//g"
QUERY PLAN
Hash Join
  Hash Cond: ((t1.city)::text = (t2.prefecture)::text)
  ->  Append
        ->  Seq Scan on infection_numbers_influenza_20_01
              Filter: (remarks &@~ 'age'::character varying)
        ->  Seq Scan on infection_numbers_influenza_20_02
              Filter: (remarks &@~ 'age'::character varying)
        ->  Seq Scan on infection_numbers_influenza_20_03
              Filter: (remarks &@~ 'age'::character varying)
        ->  Seq Scan on infection_numbers_influenza_20_04
              Filter: (remarks &@~ 'age'::character varying)
        ->  Seq Scan on infection_numbers_influenza_21_01
              Filter: (remarks &@~ 'age'::character varying)
        ->  Seq Scan on infection_numbers_influenza_21_02
              Filter: (remarks &@~ 'age'::character varying)
        ->  Seq Scan on infection_numbers_influenza_21_03
              Filter: (remarks &@~ 'age'::character varying)
        ->  Seq Scan on infection_numbers_influenza_21_04
              Filter: (remarks &@~ 'age'::character varying)
        ->  Seq Scan on infection_numbers_influenza_22_01
              Filter: (remarks &@~ 'age'::character varying)
        ->  Seq Scan on infection_numbers_influenza_22_02
              Filter: (remarks &@~ 'age'::character varying)
        ->  Seq Scan on infection_numbers_influenza_22_03
              Filter: (remarks &@~ 'age'::character varying)
        ->  Seq Scan on infection_numbers_influenza_22_04
              Filter: (remarks &@~ 'age'::character varying)
  ->  Hash
        ->  Append
              ->  Seq Scan on infection_numbers_influenza_20_01
              ->  Seq Scan on infection_numbers_influenza_20_02
              ->  Seq Scan on infection_numbers_influenza_20_03
              ->  Seq Scan on infection_numbers_influenza_20_04
              ->  Seq Scan on infection_numbers_influenza_21_01
              ->  Seq Scan on infection_numbers_influenza_21_02
              ->  Seq Scan on infection_numbers_influenza_21_03
              ->  Seq Scan on infection_numbers_influenza_21_04
              ->  Seq Scan on infection_numbers_influenza_22_01
              ->  Seq Scan on infection_numbers_influenza_22_02
              ->  Seq Scan on infection_numbers_influenza_22_03
              ->  Seq Scan on infection_numbers_influenza_22_04
(41 rows)
\pset format aligned
SELECT t1.n_infection, t1.remarks
  FROM infection_numbers_influenza t1
  INNER JOIN infection_numbers_influenza t2
    ON t1.city = t2.prefecture
 WHERE t1.remarks  &@~ 'age';
 n_infection |                       remarks                        
-------------+------------------------------------------------------
 221         | age: 50, gender:male, overseas travel history: false
 10221       | age: 10, gender:male, overseas travel history: false
(2 rows)

DROP TABLE infection_numbers_influenza;
